Street,Timestamp,Type,Lat,Lng
Seƒçovsk√° cesta,1661299200,132,48.721385,21.290566
Slaneck√°,1661299200,121,48.673873,21.301678
Trieda SNP,1661299200,121,48.726395,21.239036
"¬ª Slovensk√© Nov√© Mesto, Kr√°sna, Nad jazerom",1661299200,113,48.690074,21.279625
Alejov√°,1661299200,112,48.704152,21.244624
Tom√°≈°ikova,1661299200,121,48.735254,21.253947
Slaneck√°,1661299200,112,48.686658,21.284278
Ju≈æn√© n√°bre≈æie,1661299200,112,48.69883,21.280349
Trieda SNP,1661299200,132,48.725562,21.237815
Mu≈°k√°tov√°,1661299200,121,48.712595,21.239167
Slaneck√°,1661299200,121,48.693066,21.280429
Trieda SNP,1661299200,131,48.725606,21.23788
Pra≈æsk√°,1661299200,121,48.711734,21.240217
Jant√°rov√°,1661299200,121,48.704654,21.263216
Rastislavova,1661299200,121,48.708773,21.257269
Trieda SNP,1661299200,131,48.726534,21.239246
Slaneck√°,1661299200,113,48.680021,21.293788
Trieda SNP,1661299200,121,48.725707,21.238028
Ju≈æn√° Trieda,1661299200,121,48.688019,21.266185
Trieda KVP,1661299200,121,48.712159,21.216353
≈†t√∫rova,1661299200,111,48.716859,21.261713
Trieda SNP,1661299200,121,48.725552,21.237801
Slaneck√°,1661299200,113,48.686726,21.284183
Trieda SNP,1661299200,132,48.72634,21.238956
Slaneck√°,1661299200,113,48.694907,21.280162
Ju≈æn√© n√°bre≈æie,1661299200,132,48.703303,21.280063
Rastislavova,1661299200,121,48.709314,21.25702
Slaneck√°,1661299200,113,48.685174,21.286348
Trieda KVP,1661299200,121,48.721257,21.224751
Trieda SNP,1661299200,132,48.725795,21.238156
Slaneck√°,1661299200,112,48.687262,21.28348
Trieda SNP,1661299200,132,48.725824,21.238199
≈†kult√©tyho,1661299200,131,48.720075,21.246825
Trieda SNP,1661299200,121,48.708852,21.237707
"¬ª ≈§ahanovce, üõí Metro",1661299200,132,48.745876,21.272704
Slaneck√°,1661299200,113,48.695484,21.280342
Ju≈æn√° Trieda,1661299200,131,48.732317,21.254714
Ju≈æn√© n√°bre≈æie,1661299200,121,48.701066,21.280422
,1661299200,113,48.704955,21.243777
Slaneck√°,1661299200,112,48.690401,21.278497
Slaneck√°,1661299200,111,48.683625,21.288559
≈†t√∫rova,1661299200,111,48.717438,21.263892
Ju≈æn√© n√°bre≈æie,1661299200,132,48.706788,21.279335
Hlinkova,1661299200,142,48.737137,21.247793
Ukrajinsk√°,1661299200,111,48.669017,21.317141
"¬ª Slovensk√© Nov√© Mesto, Kr√°sna, Nad jazerom",1661299200,113,48.689941,21.280148
Slaneck√°,1661299200,113,48.68923,21.28121
Ukrajinsk√°,1661299200,112,48.668909,21.317695
Trieda SNP,1661299200,132,48.726368,21.238997
Trieda SNP,1661299200,132,48.7265,21.239194
16,1661299200,131,48.693049,21.231456
Trieda Ludv√≠ka Svobodu,1661299200,121,48.743492,21.27799
Trieda Ludv√≠ka Svobodu,1661299200,112,48.743588,21.276663
Trieda Ludv√≠ka Svobodu,1661299200,112,48.743729,21.27568
Slaneck√°,1661299200,111,48.694208,21.280355
Trieda KVP,1661299200,121,48.72091,21.216737
Trieda SNP,1661299200,132,48.725757,21.238101
Ju≈æn√° Trieda,1661299200,132,48.688221,21.26613
Trieda Ludv√≠ka Svobodu,1661299200,121,48.743463,21.277522
Hlinkova,1661299200,142,48.742346,21.262225
Watsonova,1661299200,132,48.734968,21.241327
Ju≈æn√© n√°bre≈æie,1661299200,121,48.708293,21.279242
ƒåerven√Ω rak,1661299200,131,48.689365,21.2465
ƒåerven√Ω rak,1661299200,131,48.689593,21.246005
Trieda KVP,1661299200,121,48.719753,21.214934
Jant√°rov√°,1661299200,121,48.704705,21.263538
Hlinkova,1661299200,131,48.742388,21.265311
Slaneck√°,1661299200,131,48.693652,21.280361
Jant√°rov√°,1661299200,121,48.704834,21.264362
Trieda SNP,1661299200,132,48.72581,21.238179
Watsonova,1661299200,113,48.734224,21.23936
Hlinkova,1661299200,131,48.742011,21.267964
Slaneck√°,1661299200,132,48.681802,21.291206
Ni≈æn√© Kapustn√≠ky,1661212800,132,48.690489,21.275117
Slaneck√°,1661212800,113,48.686541,21.284441
Trieda SNP,1661212800,132,48.715785,21.234557
Slaneck√°,1661212800,113,48.676679,21.29821
"¬ª Slovensk√© Nov√© Mesto, Kr√°sna, Nad jazerom",1661212800,113,48.690103,21.279482
,1661212800,131,48.723395,21.273998
Popradsk√°,1661212800,121,48.720881,21.226634
"¬ª Miskolc, ‚äô, (H)",1661212800,132,48.689328,21.268617
Pre≈°ovsk√° cesta,1661212800,131,48.739011,21.272554
Myslavsk√°,1661212800,121,48.699046,21.22498
Trieda SNP,1661212800,121,48.725678,21.237985
Opatovsk√° cesta,1661212800,131,48.70438,21.282681
Rastislavova,1661212800,121,48.704437,21.261705
≈†t√∫rova,1661212800,111,48.717972,21.26514
Pre≈°ovsk√° cesta,1661212800,132,48.739362,21.272347
Jant√°rov√°,1661212800,131,48.704661,21.263259
Trieda SNP,1661212800,131,48.72522,21.237309
Komensk√©ho,1661212800,113,48.732133,21.249499
Slaneck√°,1661212800,113,48.690444,21.278656
Trieda SNP,1661212800,121,48.725749,21.23809
Ulica osloboditeƒæov,1661212800,132,48.680655,21.268509
Trieda SNP,1661212800,132,48.725682,21.237991
Kuzm√°nyho,1661212800,131,48.722395,21.249012
Jant√°rov√°,1661212800,131,48.704643,21.263145
Moldavsk√° cesta,1661212800,131,48.696172,21.234995
,1661212800,131,48.697897,21.241547
"¬ª Miskolc, ‚äô, (H)",1661212800,112,48.689311,21.26846
Trieda SNP,1661212800,132,48.725766,21.238115
Rastislavova,1661212800,121,48.708658,21.257323
Ju≈æn√° Trieda,1661212800,132,48.687864,21.266535
Ju≈æn√° Trieda,1661212800,131,48.685399,21.266931
Hviezdoslavova,1661212800,113,48.726446,21.251603
"¬ª Miskolc, ‚äô, (H)",1661212800,112,48.68938,21.269088
Slaneck√°,1661212800,113,48.68888,21.281611
Trieda KVP,1661212800,121,48.719178,21.21434
Trieda Ludv√≠ka Svobodu,1661212800,121,48.743327,21.278709
Americk√° trieda,1661212800,131,48.74945,21.271394
Trieda KVP,1661212800,121,48.710911,21.21732
Palack√©ho,1661212800,111,48.720787,21.273352
Trieda KVP,1661212800,121,48.721519,21.226086
Trieda SNP,1661212800,132,48.725838,21.23822
Ju≈æn√© n√°bre≈æie,1661212800,131,48.721255,21.276678
Ju≈æn√© n√°bre≈æie,1661212800,132,48.701684,21.280325
Rastislavova,1661212800,132,48.704425,21.261304
Myslavsk√°,1661212800,121,48.700052,21.222966
Trieda Ludv√≠ka Svobodu,1661212800,121,48.743719,21.275753
Va≈æeck√°,1661212800,111,48.674122,21.301985
Opatovsk√° cesta,1661212800,131,48.699011,21.283446
Ju≈æn√© n√°bre≈æie,1661212800,142,48.719319,21.277372
,1661212800,121,48.729771,21.290722
Slaneck√°,1661212800,112,48.684933,21.286685
Americk√° trieda,1661212800,131,48.749427,21.271413
Trieda SNP,1661212800,131,48.721859,21.234791
Jant√°rov√°,1661212800,112,48.704637,21.263108
Rastislavova,1661212800,121,48.710197,21.256616
Popradsk√°,1661212800,131,48.724602,21.234021
Trieda Ludv√≠ka Svobodu,1661212800,121,48.74336,21.278575
Watsonova,1661212800,142,48.728432,21.24091
,1661212800,111,48.72614,21.276824
Watsonova,1661212800,132,48.733894,21.238825
Hlinkova,1661212800,132,48.742463,21.264575
ƒåerven√Ω rak,1661212800,131,48.690299,21.244465
,1661212800,121,48.688505,21.260299
≈†t√∫rova,1661212800,112,48.716418,21.255091
Komensk√©ho,1661212800,113,48.730031,21.251371
,1661212800,131,48.690382,21.276945
ƒåerven√Ω rak,1661212800,131,48.68939,21.246691
Trieda KVP,1661212800,121,48.71573,21.214837
Trieda Ludv√≠ka Svobodu,1661212800,121,48.743384,21.278478
Ni≈æn√© Kapustn√≠ky,1661212800,113,48.689936,21.272024
Pre≈°ovsk√° cesta,1661212800,142,48.727023,21.277023
"¬ª Michalovce, Miskolc (H)",1661212800,111,48.687809,21.258286
Trieda SNP,1661212800,142,48.721593,21.234631
Slaneck√°,1661212800,111,48.6859,21.285333
Star√° Spi≈°sk√° cesta,1661212800,142,48.728086,21.24043
